I1,V1,I2,V2
5.01328e-08,3.36376e-05,9.87553e-05,1.00013
2.30998e-08,4.19996e-05,0.000108621,1.10002
1.50897e-08,3.36329e-05,0.000118496,1.20014
1.23453e-08,3.57246e-05,0.000128351,1.30006
1.12595e-08,3.40512e-05,0.000138206,1.40008
1.08212e-08,3.23779e-05,0.000148082,1.50008
1.06462e-08,3.53063e-05,0.000157972,1.60004
1.05298e-08,3.07046e-05,0.000167812,1.70003
1.0473e-08,3.23779e-05,0.000177684,1.80004
1.02833e-08,3.4888e-05,0.000187555,1.89995
1.02421e-08,3.27963e-05,0.000197458,2.00003
1.0145e-08,3.27963e-05,0.000207378,2.1007
9.94095e-09,3.36329e-05,0.000217262,2.20061
9.78943e-09,3.27963e-05,0.000227126,2.30073
9.70803e-09,3.27963e-05,0.000236953,2.40014
9.667e-09,3.27963e-05,0.000246835,2.5003
9.56923e-09,3.4888e-05,0.000256692,2.60016
9.41365e-09,3.02863e-05,0.000266595,2.70028
9.392e-09,3.19596e-05,0.000276412,2.80023
9.23755e-09,3.4888e-05,0.000286315,2.90048
9.03075e-09,3.19596e-05,0.000296208,3.00059
0.00010397,1.05007,5.16542e-08,3.49904e-05
0.000108917,1.10007,5.15618e-08,3.46725e-05
0.000113869,1.15009,5.14487e-08,3.48398e-05
0.000118817,1.20007,5.14597e-08,3.50741e-05
0.000123767,1.25008,5.12103e-08,3.45553e-05
0.000128714,1.30006,5.12216e-08,3.45888e-05
0.000133662,1.35004,5.11517e-08,3.45219e-05
0.000138611,1.40005,5.11011e-08,3.52414e-05
0.000143561,1.45006,5.11807e-08,3.46892e-05
0.000148512,1.50008,5.09793e-08,3.49067e-05
0.000153455,1.55003,5.1314e-08,3.43546e-05
0.000158402,1.6,5.11534e-08,3.45888e-05
0.000163351,1.64999,5.09477e-08,3.43378e-05
0.000168303,1.7,5.09495e-08,3.4388e-05
0.000173254,1.75001,5.07744e-08,3.48063e-05
0.000178203,1.80002,5.10843e-08,3.48566e-05
0.00018315,1.85,5.08082e-08,3.42876e-05
0.000188094,1.89995,5.09794e-08,3.44884e-05
0.000193045,1.94997,5.09239e-08,3.45052e-05
0.000197995,1.99998,5.10189e-08,3.43713e-05
0.000202946,2.05,5.08179e-08,3.41872e-05
0.000207895,2.09999,5.08169e-08,3.44549e-05
0.00021288,2.15022,5.04632e-08,3.4639e-05
0.000217834,2.20027,5.04824e-08,3.4639e-05
0.000222785,2.2503,5.01759e-08,3.41538e-05
0.000227738,2.30033,5.02295e-08,3.42374e-05
0.000232691,2.35037,5.00703e-08,3.42542e-05
0.000237644,2.40041,5.02412e-08,3.44549e-05
0.000242597,2.45044,4.97872e-08,3.45888e-05
0.000247514,2.50012,5.00946e-08,3.44382e-05
0.000252469,2.55017,5.00729e-08,3.44382e-05
0.000257419,2.60019,5.01727e-08,3.44047e-05
0.000262372,2.65021,5.02891e-08,3.40533e-05
0.00026733,2.7003,5.0134e-08,3.46892e-05
0.000272288,2.75039,5.01985e-08,3.48063e-05
0.000277211,2.80013,4.9986e-08,3.45721e-05
0.000282169,2.8502,5.00334e-08,3.48566e-05
0.000287126,2.90029,4.98433e-08,3.46223e-05
0.000292081,2.95035,4.95938e-08,3.46557e-05
0.000297038,3.00042,4.96036e-08,3.43546e-05
0.00029208,2.95034,4.97687e-08,3.39696e-05
0.000287124,2.90028,4.94033e-08,3.40366e-05
0.000282167,2.8502,4.96035e-08,3.4388e-05
0.00027721,2.80013,4.97508e-08,3.44884e-05
0.000272286,2.75038,4.98403e-08,3.44717e-05
0.000267328,2.7003,5.01503e-08,3.44382e-05
0.00026237,2.65021,5.0106e-08,3.42039e-05
0.000257418,2.60018,5.01469e-08,3.41202e-05
0.000252467,2.55017,4.98667e-08,3.45219e-05
0.000247513,2.50013,5.01017e-08,3.44884e-05
0.000242595,2.45044,4.98018e-08,3.43546e-05
0.00023764,2.4004,5.03189e-08,3.43043e-05
0.000232689,2.35036,5.01515e-08,3.42207e-05
0.000227735,2.30033,5.0472e-08,3.4137e-05
0.000222782,2.2503,5.00838e-08,3.40533e-05
0.000217832,2.20027,5.02728e-08,3.40366e-05
0.000212877,2.15023,5.03678e-08,3.4706e-05
0.000207893,2.09999,5.03403e-08,3.4388e-05
0.000202945,2.05,5.07521e-08,3.43713e-05
0.000197993,1.99998,5.06009e-08,3.50406e-05
0.000193043,1.94997,5.0638e-08,3.4639e-05
0.000188092,1.89995,5.09187e-08,3.44549e-05
0.000183147,1.85,5.09137e-08,3.47896e-05
0.0001782,1.80002,5.0917e-08,3.44047e-05
0.000173251,1.75001,5.12257e-08,3.47896e-05
0.0001683,1.7,5.1292e-08,3.45553e-05
0.00016335,1.64999,5.12515e-08,3.44047e-05
0.000158402,1.6,5.12864e-08,3.46725e-05
0.000153455,1.55003,5.13987e-08,3.46055e-05
0.000148511,1.50008,5.09896e-08,3.44549e-05
0.00014356,1.45006,5.117e-08,3.49402e-05
0.00013861,1.40005,5.13316e-08,3.49402e-05
0.00013366,1.35004,5.14941e-08,3.45888e-05
0.000128713,1.30006,5.13295e-08,3.47896e-05
0.000123765,1.25008,5.14446e-08,3.50741e-05
0.000118816,1.20007,5.17148e-08,3.51912e-05
0.000113868,1.15009,5.16322e-08,3.5208e-05
0.000108916,1.10007,5.18355e-08,3.48398e-05
0.000103967,1.05007,5.15918e-08,3.45219e-05
9.90201e-05,1.00009,5.16924e-08,3.48231e-05
9.4071e-05,0.95009,5.17356e-08,3.49737e-05
8.91193e-05,0.900062,5.18147e-08,3.54924e-05
8.41675e-05,0.850044,5.20083e-08,3.49737e-05
7.92204e-05,0.80006,5.21699e-08,3.4957e-05
7.42724e-05,0.750072,5.19063e-08,3.53084e-05
6.93252e-05,0.700093,5.20906e-08,3.51745e-05
6.43748e-05,0.650079,5.23069e-08,3.50741e-05
5.94238e-05,0.600058,5.2057e-08,3.50239e-05
5.44719e-05,0.550031,5.21349e-08,3.47394e-05
4.95223e-05,0.500031,5.21714e-08,3.48231e-05
4.45754e-05,0.45005,5.22412e-08,3.47227e-05
3.96138e-05,0.400091,5.30304e-08,3.44717e-05
3.46611e-05,0.35006,5.22816e-08,3.49234e-05
2.97093e-05,0.300039,5.23273e-08,3.44884e-05
2.47586e-05,0.250022,5.22693e-08,3.46892e-05
1.98096e-05,0.200015,5.22583e-08,3.44549e-05
1.48607e-05,0.150021,5.2337e-08,3.46892e-05
9.91123e-06,0.100024,5.22475e-08,3.46725e-05
4.96157e-06,0.050021,5.24228e-08,3.45052e-05
1.42966e-08,2.91406e-05,5.28286e-08,3.45888e-05
-4.93795e-06,-0.0499833,5.20864e-08,3.47728e-05
-9.8853e-06,-0.0999815,5.29387e-08,3.46055e-05
-1.48356e-05,-0.149986,5.25051e-08,3.44047e-05
-1.97842e-05,-0.199983,5.26073e-08,3.52581e-05
-2.47304e-05,-0.249942,5.2929e-08,3.50071e-05
-2.96832e-05,-0.299977,5.25378e-08,3.52581e-05
-3.46334e-05,-0.349985,5.29074e-08,3.52247e-05
-3.95842e-05,-0.4,5.29795e-08,3.53753e-05
-4.45318e-05,-0.449984,5.2762e-08,3.51075e-05
-4.94811e-05,-0.499985,5.28241e-08,3.45721e-05
-5.44097e-05,-0.549966,5.33342e-08,3.48231e-05
-5.93609e-05,-0.599981,5.27615e-08,3.4321e-05
-6.43106e-05,-0.649988,5.31337e-08,3.44382e-05
-6.92643e-05,-0.700023,5.29956e-08,3.41202e-05
-7.42103e-05,-0.749989,5.31275e-08,3.43043e-05
-7.91565e-05,-0.799964,5.2992e-08,3.42876e-05
-8.41056e-05,-0.849967,5.3071e-08,3.4321e-05
-8.90587e-05,-0.900006,5.3047e-08,3.44549e-05
-9.40096e-05,-0.950021,5.32271e-08,3.40868e-05
-9.89571e-05,-1.00001,5.33061e-08,3.39529e-05
-0.000103903,-1.04998,5.34603e-08,3.37187e-05
-0.000108855,-1.1,5.34507e-08,3.41035e-05
-0.000113805,-1.15001,5.35943e-08,3.3635e-05
-0.000118754,-1.20001,5.33412e-08,3.34175e-05
-0.000123703,-1.25001,5.35188e-08,3.33505e-05
-0.000128648,-1.29997,5.34179e-08,3.39864e-05
-0.000133598,-1.34998,5.37141e-08,3.38525e-05
-0.000138547,-1.39998,5.38223e-08,3.42542e-05
-0.000143496,-1.44997,5.36182e-08,3.40868e-05
-0.000148446,-1.49998,5.36932e-08,3.4137e-05
-0.000153396,-1.54998,5.37428e-08,3.41202e-05
-0.000158341,-1.59995,5.37358e-08,3.44884e-05
-0.000163288,-1.64992,5.38651e-08,3.41035e-05
-0.000168237,-1.69993,5.3791e-08,3.38023e-05
-0.000173189,-1.74996,5.4308e-08,3.37354e-05
-0.000178136,-1.79996,5.39562e-08,3.39529e-05
-0.000183084,-1.84993,5.38282e-08,3.42876e-05
-0.000188031,-1.8999,5.40335e-08,3.38525e-05
-0.000192983,-1.94994,5.43861e-08,3.45052e-05
-0.000197933,-1.99994,5.41051e-08,3.39362e-05
-0.000202884,-2.04996,5.4051e-08,3.42709e-05
-0.00020783,-2.09994,5.41994e-08,3.43546e-05
-0.000212765,-2.14974,5.43994e-08,3.42374e-05
-0.000217716,-2.19976,5.44176e-08,3.43546e-05
-0.000222666,-2.24977,5.44341e-08,3.39529e-05
-0.000227617,-2.29979,5.4444e-08,3.39195e-05
-0.000232569,-2.34981,5.43422e-08,3.36685e-05
-0.000237488,-2.3995,5.46971e-08,3.37187e-05
-0.000242438,-2.44952,5.45597e-08,3.38023e-05
-0.000247388,-2.49952,5.48036e-08,3.39362e-05
-0.000252339,-2.54955,5.46205e-08,3.37856e-05
-0.000257289,-2.59956,5.48011e-08,3.40199e-05
-0.000262238,-2.64956,5.47669e-08,3.39195e-05
-0.000267197,-2.69964,5.46747e-08,3.38693e-05
-0.000272152,-2.7497,5.48358e-08,3.39362e-05
-0.000277108,-2.79977,5.49756e-08,3.42374e-05
-0.000282031,-2.8495,5.48977e-08,3.45888e-05
-0.000286986,-2.89956,5.49326e-08,3.41035e-05
-0.00029194,-2.94961,5.50388e-08,3.43043e-05
-0.000296895,-2.99967,5.5293e-08,3.45553e-05
-0.000291939,-2.94961,5.55366e-08,3.46055e-05
-0.000286984,-2.89956,5.50418e-08,3.42039e-05
-0.000282028,-2.8495,5.52871e-08,3.41202e-05
-0.000277106,-2.79977,5.51181e-08,3.39529e-05
-0.000272149,-2.7497,5.52748e-08,3.44214e-05
-0.000267193,-2.69964,5.52269e-08,3.47561e-05
-0.000262237,-2.64956,5.51445e-08,3.43713e-05
-0.000257287,-2.59956,5.50791e-08,3.42709e-05
-0.000252338,-2.54955,5.50236e-08,3.3886e-05
-0.000247385,-2.49952,5.46745e-08,3.37521e-05
-0.000242437,-2.44952,5.47856e-08,3.39529e-05
-0.000237485,-2.3995,5.47002e-08,3.40701e-05
-0.000232565,-2.34981,5.50039e-08,3.44717e-05
-0.000227614,-2.29979,5.45109e-08,3.41035e-05
-0.000222662,-2.24978,5.47602e-08,3.41872e-05
-0.000217713,-2.19977,5.45345e-08,3.44717e-05
-0.00021276,-2.14973,5.45819e-08,3.47394e-05
-0.000207826,-2.09994,5.43986e-08,3.47728e-05
-0.00020288,-2.04996,5.41394e-08,3.42207e-05
-0.000197929,-1.99994,5.41668e-08,3.44382e-05
-0.00019298,-1.94994,5.42147e-08,3.40031e-05
-0.000188027,-1.8999,5.40825e-08,3.36015e-05
-0.00018308,-1.84993,5.39635e-08,3.41202e-05
-0.000178134,-1.79996,5.3904e-08,3.43546e-05
-0.000173186,-1.74996,5.41759e-08,3.42207e-05
-0.000168234,-1.69993,5.38738e-08,3.45721e-05
-0.000163284,-1.64992,5.40951e-08,3.40199e-05
-0.000158338,-1.59995,5.39629e-08,3.39864e-05
-0.000153392,-1.54999,5.39605e-08,3.42542e-05
-0.000148443,-1.49998,5.36092e-08,3.44382e-05
-0.000143492,-1.44997,5.38501e-08,3.39362e-05
-0.000138544,-1.39998,5.38604e-08,3.40366e-05
-0.000133595,-1.34998,5.38266e-08,3.44382e-05
-0.000128646,-1.29997,5.37973e-08,3.41035e-05
-0.0001237,-1.25001,5.38615e-08,3.45553e-05
-0.000118751,-1.20001,5.34003e-08,3.46055e-05
-0.000113802,-1.15001,5.36148e-08,3.48063e-05
-0.000108852,-1.1,5.34215e-08,3.44047e-05
-0.000103901,-1.04998,5.33584e-08,3.43713e-05
-9.89545e-05,-1.00001,5.34929e-08,3.45888e-05
-9.40066e-05,-0.950021,5.33102e-08,3.44214e-05
-8.90562e-05,-0.900006,5.33577e-08,3.42709e-05
-8.41032e-05,-0.849966,5.30563e-08,3.44549e-05
-7.9154e-05,-0.799965,5.32276e-08,3.41872e-05
-7.42078e-05,-0.74999,5.29441e-08,3.44047e-05
-6.92612e-05,-0.700023,5.29299e-08,3.40868e-05
-6.43086e-05,-0.649988,5.30484e-08,3.42709e-05
-5.93585e-05,-0.59998,5.30667e-08,3.45219e-05
-5.44079e-05,-0.549966,5.29432e-08,3.42542e-05
-4.94605e-05,-0.499982,5.31479e-08,3.42039e-05
-4.45118e-05,-0.449981,5.30447e-08,3.43546e-05
-3.95828e-05,-0.4,5.25484e-08,3.41538e-05
-3.46315e-05,-0.349985,5.30762e-08,3.4388e-05
-2.96814e-05,-0.299977,5.30627e-08,3.39864e-05
-2.47288e-05,-0.249942,5.27691e-08,3.42207e-05
-1.97823e-05,-0.199983,5.3039e-08,3.45386e-05
-1.48338e-05,-0.149986,5.28257e-08,3.42876e-05
-9.88428e-06,-0.0999818,5.27601e-08,3.41705e-05
-4.93479e-06,-0.0499766,5.27075e-08,3.4137e-05
3.55125e-08,3.2161e-05,5.27674e-08,3.43546e-05
